Country Name,"Life expectancy at birth, total (years)","Birth rate, crude (per 1,000 people)","Death rate, crude (per 1,000 people)",Prevalence of undernourishment (% of population),"Immunization, DPT (% of children ages 12-23 months)",Current health expenditure (CHE) per capita in US$,GDP per capita (current US$),"International migrant stock, total",Net Migration,Refugee population by country or territory of asylum,Refugee population by country or territory of origin,"Population, total",Population ages 0-14 (% of total population),Population density (people per sq. km of land area),Urban Population,Population living in slums (% of urban population),Poverty headcount ratio at national poverty lines (% of population)
Aruba,76.293,11.756,9.205,,,,,36114,1004,,,106310,17.6204451,590.6111111,46294,,
Africa Eastern and Southern,64.00519747,33.49126913,7.37664367,24.52407994,77.06584932,,1530.059177,10406165,-791282,5087755,5936536,660046272,41.55502294,44.5765074,239539517,55.7709732,
Afghanistan,64.833,31.802,6.285,25.6,66,65.81,494.1793499,382365,-314602,72227,2727556,38041757,42.47227139,58.26939466,9797274,70.69999695,
Cuba,78.802,9.962,9.146,2.5,99,1032,9125.878679,13336,-72000,233,6625,11333484,16.04234991,109.1857803,8739136,6.599999905,
Africa Western and Central,58.11572272,36.70853583,9.96084289,14.63207372,68.48526537,,1777.918672,8270665,-1022839,1315230,1354330,446911598,43.35717426,49.40553474,211133789,51.16813192,
Angola,61.147,40.232,7.981,17.3,57,71.33,2809.626088,106845,32066,25793,8176,31825299,46.62202503,25.52763215,21061028,48.59999847,32.3
Albania,78.573,11.62,8.082,3.9,99,,5395.659532,57616,-69998,120,15027,2854191,17.3995641,104.1675547,1747593,,
Andorra,,7,3.9,,99,2744,40897.33087,42082,,,,77146,,164.1404255,67876,,
Arab World,71.98970937,24.65062382,5.352157196,14.00792571,86.56053621,,6489.043216,34764700,-1408824,9349349,8827555,427870273,32.66945682,32.70738429,253306244,31.0559253,
United Arab Emirates,77.972,10.223,1.521,3.7,99,1843,42701.44305,8095126,200000,1242,155,9770526,14.71261177,137.5742889,8479742,,
Argentina,76.667,16.833,7.604,3.9,86,946,10056.63794,2086302,24000,3857,99,44938712,24.59552588,16.42082662,41339571,14.69999981,32
Armenia,75.087,13.646,9.835,3.4,92,524,4604.646324,191199,-24989,17980,10962,2957728,20.76595201,103.889287,1869846,9.300000191,
American Samoa,,,,,,,11715.36014,23216,,,,55312,,276.56,48203,,
Antigua and Barbuda,77.016,15.107,6.422,,95,760.3,17376.64968,28083,0,,117,97115,21.95473548,220.7159091,23799,,
Australia,82.9,12.1,6.7,2.5,95,5427,54875.28596,6763663,791229,58529,20,25365745,19.27544671,3.297670183,21845994,,
Austria,81.79268293,9.6,9.4,2.5,85,5242,50114.40111,1492374,324998,135951,18,8879920,14.36185763,107.6093068,5196085,,13.3
Azerbaijan,73.005,14.1,5.6,2.5,94,193.1,4805.753718,264241,6002,1109,11626,10024283,23.44191985,121.2800711,5616706,,
Burundi,61.584,38.377,7.766,,93,20.57,228.2135892,286810,10003,78465,380900,11530577,45.40064767,449.0100078,1541177,47.70000076,
Croatia,78.42439024,8.9,12.7,2.5,94,1040,15311.7669,576883,-40004,916,23793,4065253,14.56222109,71.83694999,2327032,,18.3
Belgium,81.74634146,10.1,9.5,2.5,98,4960,46591.49161,1387940,240000,61662,34,11488980,17.05820304,379.4247028,11263911,,14.8
Benin,61.771,35.831,8.718,7.6,76,29.13,1219.515506,245399,-10000,1238,721,11801151,42.20551877,104.6572455,5648149,58.79999924,
Burkina Faso,61.577,37.453,7.914,14.4,91,42.34,796.1152068,704676,-125000,25869,11733,20321383,44.67782155,74.27406067,6092351,57.09999847,41.4
Bangladesh,72.591,17.868,5.526,9.7,98,45.86,1855.740094,1422805,-1847503,854779,22766,163046173,27.21436538,1252.563363,60987421,47.20000076,
Bulgaria,74.91463415,8.8,15.5,3,92,697.9,9879.268533,102113,-24001,20438,566,6975761,14.68537892,64.25719418,5256027,,22.6
Bahrain,77.292,13.622,2.408,,99,940.4,23551.93009,704137,239000,251,557,1641164,18.71869615,2104.05641,1467102,,
"Bahamas, The",73.918,13.882,6.841,,86,,33799.41769,59306,4999,10,501,389486,22.07573136,38.90969031,323788,,
Bosnia and Herzegovina,77.401,7.938,10.877,2.5,73,553.8,6119.762345,34803,-107926,5241,16556,3300998,14.69375947,64.47261719,1605143,7.599999905,
Belarus,74.22682927,9.3,12.8,2.5,98,399.4,6837.717826,1082905,43648,2725,3425,9419758,17.03632015,46.40732092,7445754,33.20000076,5.6
Belize,74.623,20.51,4.756,5.9,98,293.4,5078.809944,53860,6000,29,73,390351,29.70439576,17.11315213,179038,5,
Bermuda,81.86658537,8.3,8.4,,,,117098.4463,19126,,,,63913,,1183.574074,63913,,
Bolivia,71.513,21.455,6.762,12.6,75,,3552.068143,142989,-47520,863,514,11513102,30.62526166,10.62780578,8033037,48.5,
Brazil,75.881,13.703,6.531,2.5,73,853.4,8897.552966,713568,106000,32844,1399,211049519,21.00919373,25.25077577,183241634,16.29999924,
Barbados,79.19,10.621,9.068,4.1,90,1143,18148.49785,34475,-397,,243,287021,17.05043115,667.4906977,89430,,
Nauru,,,,,96,1049,11029.73558,3178,,755,,10764,,538.2,10764,,
Brunei Darussalam,75.86,14.459,4.548,2.5,99,671.6,31085.96193,102733,0,,,433296,22.61652261,82.21935484,337720,,
Bhutan,71.777,17.012,6.251,,97,116,3322.863329,51106,1600,,6839,763094,25.34019489,20.00770844,317539,,
Botswana,69.592,24.234,5.708,29.3,95,481.5,7203.064221,160644,14999,1113,228,2303703,33.76498732,4.064903923,1616554,,
Central African Republic,53.283,35.09,11.974,48.2,47,37.2,467.9080323,81598,-200000,7170,610152,4745179,43.92001576,7.616904234,1982061,95.40000153,
Canada,82.04878049,9.9,7.6,2.5,91,5048,46338.34096,7835502,1210159,101757,71,37593384,15.84589974,4.193074187,30631841,0.01,
Central Europe and the Baltics,77.14410292,9.777166907,11.98180006,2.613957693,94.13122027,,16346.55494,3394733,-642033,50200,33686,102398537,15.23712681,92.56227704,63935741,5.467512673,
Switzerland,83.70487805,10,7.9,2.5,96,9666,85334.51946,2438702,259999,110162,5,8575280,14.9406759,217.0076296,6332759,,16
Channel Islands,83.086,9.811,7.824,,,,,82307,6754,,,172264,15.06742754,870.020202,53283,,
Chile,80.181,12.187,6.254,3.4,96,1376,14741.7144,469436,558539,2046,486,18952035,19.49427286,25.48919885,16610132,8.800000191,
China,76.912,10.5,7.1,2.5,99,535.1,10143.83817,978046,-1741996,303379,212863,1407745000,17.80450834,149.3675732,848982855,24.60000038,1.7
Cote d'Ivoire,57.783,35.464,9.869,14.9,84,,2276.332394,2175399,-40000,2020,39351,25716554,41.71470319,80.86966667,13176905,60.09999847,39.5
Cameroon,59.292,34.891,9.059,5.3,67,54,1533.095688,381984,-24000,406259,66241,25876387,42.36213102,54.7405111,14741260,33.70000076,
"Congo, Dem. Rep.",60.681,40.639,9.292,41.7,57,,580.7168706,545694,119303,523733,802974,86790568,46.00139898,38.28348206,39095679,77.5,
"Congo, Rep.",64.57,32.397,6.612,37.7,79,,2369.729494,392996,-20000,25668,12743,5380504,41.5372489,15.7555022,3625007,47.79999924,
Hungary,76.02195122,9.5,13.3,2.5,99,1062,16735.65978,449632,29999,5750,4007,9771141,14.43321973,107.0692636,7000436,13.60000038,12.3
Colombia,77.287,14.655,5.63,8.8,92,495.3,6424.979492,133134,1023981,634,189254,50339443,22.62078466,45.37128707,40827302,27.79999924,
Comoros,64.321,31.407,7.135,,91,72.32,1401.542312,12555,-10000,,658,850891,39.28587378,457.222461,248154,68.40000153,
Cabo Verde,72.981,19.061,5.576,15.4,96,177.9,3603.775241,14924,-6709,,10,549936,28.40644803,136.4605459,364030,,
Costa Rica,80.279,13.689,5.152,3.1,95,921.6,12693.82796,421697,21000,6204,206,5047561,21.0786358,98.85548374,4041885,3.900000095,22.9
Caribbean small states,73.75473231,15.66409025,7.644495463,6.955462752,93.51089603,,10291.80732,349562,-87055,2410,6080,7401389,23.47308928,18.28180561,3802091,33.47822884,
Curacao,,10.1,8.8,,,,19701.27038,37611,2573,42,35,157441,18.49422361,354.5968468,140277,,
Cayman Islands,,9.8,3.8,,,,91392.64259,23726,,34,6,64948,,270.6166667,64948,,
Cyprus,80.982,10.24,7.099,2.5,96,1996,29206.07672,196167,25000,12311,,1198574,16.70708967,129.7158009,800707,,14.7
Czech Republic,79.12926829,10.5,10.5,2.5,97,,23660.14881,405093,110057,2054,1166,10671870,15.72295013,138.236658,7888753,,10.1
Germany,80.94146341,9.4,11.3,2.5,93,5440,46794.89929,12005690,2719112,1146682,69,83092962,13.79948848,237.8297613,64294010,0.01,14.8
Djibouti,67.112,20.998,6.979,16.2,85,61.81,3414.916178,112351,4501,19639,2351,973557,29.20497966,41.99987058,758547,64.5,
Dominica,,,,5.6,99,440.2,8516.280039,6720,,,50,71808,,95.744,50830,,
Denmark,81.20243902,10.5,9.3,2.5,97,6003,59775.7351,572520,75998,37533,5,5814422,16.40095872,145.36055,5116342,0.001,12.5
Dominican Republic,74.081,19.193,6.188,8.3,89,491.1,8282.117131,415564,-150000,164,546,10738957,27.7086939,222.2926309,8787474,14.80000019,22.8
Algeria,76.88,23.583,4.716,2.5,91,248.2,3989.668276,242391,-50002,98599,4519,43053054,30.55037861,18.07629545,31510100,,
East Asia & Pacific (excluding high income),75.40970324,12.75185247,6.965208582,4.532076928,92.48073361,,8145.345437,8353990,-3791004,550719,1642818,2103705075,20.35662421,131.3229381,1190440960,26.39512073,
Early-demographic dividend,70.70120132,19.92395078,6.636410839,12.01731239,86.30382442,,3503.439733,50581758,-11460012,14799055,8922340,3290291029,28.56626985,98.7550399,1498425040,31.72318483,
Latvia,75.23902439,9.8,14.5,2.5,99,1167,17926.84159,263126,-74186,665,144,1913822,16.30775621,30.8233532,1305648,,22.9
East Asia & Pacific,76.26520574,12.20346118,7.153616929,4.332353092,92.75388677,,11478.03313,25557256,-2057249,616499,1643135,2350703749,19.63604748,95.93758105,1407811694,26.39512073,
Europe & Central Asia (excluding high income),73.93536301,13.54935487,10.2381847,2.705442909,95.52006973,,8343.550431,28128832,1510981,3709476,319992,418757748,21.16457794,18.50738286,280118386,,
Europe & Central Asia,78.03127739,11.34112178,10.07759639,2.600813372,95.19320582,,24906.43673,85288550,7894029,6565787,352345,920806339,18.06590625,33.54744027,665476579,,
Ecuador,77.01,19.46,5.121,12.4,85,486.5,6222.524653,387513,182000,104560,1644,17373657,27.70696817,69.95352311,11116708,20.10000038,23.2
"Egypt, Arab Rep.",71.99,25.708,5.778,5.4,95,,3019.092283,491643,-190164,258391,27416,100388076,33.83483016,100.8469295,42895825,5.199999809,
Euro area,82.03854822,9.101794385,10.02936651,2.523901983,94.78252574,,39188.63654,40935248,4446572,2254353,2324,342282081,15.02560197,127.6004267,264348445,,
Eritrea,66.321,29.738,7.012,,95,25.27,,15941,-199290,199,504300,,,34.62492079,,,
Spain,83.48536585,7.6,8.8,2.5,96,2711,29555.3157,5852953,200000,57751,51,47133521,14.57687197,94.34185906,37973121,5.5,20.7
Estonia,78.49756098,10.6,11.6,2.5,91,1599,23397.12001,202348,19555,331,274,1326898,16.46326928,30.52445365,916236,,21.7
Ethiopia,66.597,31.896,6.418,16.2,69,26.74,855.7608852,1072949,150002,733123,93467,112078727,40.33644118,99.24615983,23788710,64.30000305,
European Union,81.06384682,9.290774398,10.39076923,2.526093898,94.72576862,,35083.80749,45527606,4281648,2591349,34187,447196538,15.13474056,111.8096871,334222735,,
Fragile and conflict affected situations,62.48008834,32.96829971,8.454688972,22.40496238,68.12393298,,1828.649338,14761958,-9804237,8896931,17894287,908739462,40.56151216,45.55602185,382674667,58.39653562,
Panama,78.506,18.705,5.108,7.5,88,1193,15774.25494,184710,56000,2536,45,4246440,26.77912011,57.24739475,2890085,22.10000038,
Finland,81.78536585,8.3,9.8,2.5,91,4450,48628.64176,315881,70000,23458,,5521606,16.01634155,18.16795867,4717991,,11.6
Fiji,67.444,20.954,8.257,5.6,99,235.7,6175.890653,13751,-31008,12,591,889955,29.2936818,48.71127531,505049,11.19999981,
France,82.57804878,11.2,9.1,2.5,96,4492,40578.64429,7784418,182636,407915,50,67248926,17.80215787,122.8163022,54275936,,13.6
Faroe Islands,82.74634146,13.2,8,,,,64225.2649,5517,,,,48677,,34.86891117,20554,,
"Micronesia, Fed. Sts.",67.883,22.712,6.615,,78,,3585.392449,2756,-2999,,,113811,31.45543206,162.5871429,25963,,
Gabon,66.467,30.968,6.704,15.7,70,215,7766.996554,268384,16301,454,440,2172578,37.1795456,8.431629604,1949693,36.59999847,
United Kingdom,81.20487805,10.7,9,2.5,93,,43070.49836,8543120,1303250,133083,69,66836327,17.69570052,276.2630802,55909924,,
Georgia,73.767,13.2,12.791,8.7,94,291.1,4697.983652,168802,-50000,1355,7519,3720161,20.03142542,65.08556982,2196346,34.09999847,20.1
Ghana,64.074,28.992,7.219,6.1,97,75.28,2246.625578,399471,-50000,11946,18432,30417858,37.36487213,133.6813659,17249055,30.39999962,
Gibraltar,,,,,,,,11065,,,,33706,,3370.6,33706,,
Guinea,61.602,35.965,8.225,,47,43.04,1058.143368,228413,-20000,4964,26857,12771246,43.44998914,51.97479245,4661505,50.09999847,43.7
"Gambia, The",62.05,38.073,7.722,13.6,88,,772.0459142,192540,-15436,4302,17813,2347696,44.12711813,231.9857708,1453952,27.10000038,
Guinea-Bissau,58.322,34.559,9.434,,84,62.58,749.453747,22333,-6996,1846,2093,1920917,42.15366371,68.31141536,840920,74.40000153,
Lithuania,76.13414634,9.8,13.7,2.5,92,1370,19575.76848,136036,-163902,1822,61,2794137,15.13545128,44.61339614,1895962,,20.6
Equatorial Guinea,58.735,32.783,9.112,,53,254.9,8419.933336,10825,79998,,156,1355982,36.95679749,48.34160428,984809,64.90000153,
Greece,81.93902439,7.8,11.7,2.5,99,1501,19133.75776,1242514,-80000,80454,95,10721582,13.89659859,83.17751746,8511650,3,17.9
Grenada,72.397,16.198,9.582,,92,534.3,10827.43529,7057,-1000,,80,112002,23.71722186,329.4176471,40764,6,
Greenland,,15.1,9.8,,,,53041.30331,6009,,,,56225,,0.136983798,48945,,
Guatemala,74.302,24.21,4.72,16.8,85,271,4638.634943,76352,-46073,408,22770,16604026,33.85933214,154.946118,8540945,31,
Guam,80.074,16.46,5.273,,,,38040.58699,76089,-2532,,,167295,24.13415903,309.8055556,158694,,
Guyana,69.906,19.723,7.551,5.2,99,325.9,6609.51128,15384,-30001,14,284,782775,27.92993053,3.976504953,208915,31.10000038,
High income,80.88736686,10.03950137,8.853024765,2.618125977,94.93744515,,45462.37168,157500496,16158522,3398535,39103,1210795776,16.41481321,34.64728596,987633802,,
"Hong Kong SAR, China",85.07804878,7,6.5,2.5,,,48354.47337,2838665,146542,128,5,7507400,12.32670813,7149.904762,7507400,,
Honduras,75.27,21.337,4.45,13.5,87,187.6,2556.456891,28070,-34000,75,26351,9746115,31.15942483,87.10443293,5626432,38.59999847,50.4
Heavily indebted poor countries (HIPC),63.48645533,34.86789529,7.54273529,23.49838353,77.03808626,,985.1862838,11941421,-1462971,5566125,7518215,801708019,42.5516028,41.41626049,292473355,58.47953448,
Haiti,64.001,23.959,8.448,46.8,51,56.99,1312.770636,39529,-175000,,26734,11263079,32.8585874,408.6748549,6328949,65.90000153,
IBRD only,73.61359351,15.30380328,7.197749286,7.875268948,90.24999068,,6461.334545,62895828,-6056175,10805653,1914873,4826259460,23.37349115,67.90750306,2684649049,25.57450895,
IDA & IBRD total,71.27948622,19.2992906,7.290100286,10.29202962,84.75601534,,5144.345338,87196231,-15664439,20345849,19916303,6496952025,27.29724579,67.63389222,3310137127,30.9804534,
IDA total,64.53630894,30.84219609,7.556901001,18.05574342,76.10821795,,1340.363459,24300403,-9608264,9540196,18001430,1670692565,38.64502589,66.85573326,625488078,52.87480395,
IDA blend,62.40899722,31.48515039,8.437891273,14.11394203,69.32836634,,1777.851069,8353589,-2260137,2363258,535476,561571929,38.72775199,128.0804486,239831544,46.77450243,
Indonesia,71.716,17.746,6.51,6.5,85,120.1,4135.201531,328846,-494777,10287,12039,270625567,26.21511948,144.1399885,151509724,30.60000038,9.8
IDA only,65.61334387,30.51667528,7.11086515,20.31842382,79.60001383,,1118.853957,15946814,-7348127,7176938,17465954,1109120636,38.6030749,53.82776028,385656534,56.67777554,
Isle of Man,,,,,,,86481.55259,45221,,,,84589,,148.4017544,44608,,
India,69.656,17.644,7.265,15.3,91,63.75,2100.751461,5240960,-2663434,195103,11787,1366417756,26.61826465,459.5796959,471031529,35.20000076,
Not classified,,,,,,,,,,,,,,,,,
Ireland,82.30243902,12.1,6.3,2.5,94,5429,80886.61574,746260,118020,7795,,4934340,21.15037496,71.62636087,3128618,,13.1
"Iran, Islamic Rep.",76.677,18.42,4.842,5.5,99,,3114.622753,2726420,-274998,979435,128998,82913893,24.65465805,50.90614517,62509613,25.29999924,
Iraq,70.604,28.556,4.736,37.5,84,253.3,5980.626918,353881,39171,273986,336274,39309789,38.02092726,90.54884504,27783373,45.70000076,
Kuwait,75.489,13.251,2.802,2.5,91,1759,32373.25112,2866136,197600,686,1300,4207077,21.56983829,236.0873737,4207077,,
Iceland,82.56097561,12.3,6.3,2.5,91,6275,68941.46223,37522,1900,894,5,360563,19.64717091,3.575949618,338406,,
Israel,82.80487805,20.1,5.1,2.5,98,3456,43951.24773,2011727,50002,16107,452,9054000,27.88557191,418.3918669,8375041,,
Italy,83.19756098,7,10.5,2.5,95,2906,33641.63375,5788875,744713,207602,76,59729081,13.16665751,200.6149229,42249963,,20.1
Jamaica,74.475,15.907,7.591,7.7,96,327.4,5369.498371,23167,-56658,,2529,2948277,23.5312194,272.23241,1650593,57.09999847,
Jordan,74.526,21.477,3.889,9.5,89,334,4405.487109,3112026,51099,2966079,2313,10101697,33.56224213,113.783476,9213051,23.39999962,15.7
Japan,84.35634146,7,11.1,2.5,98,4360,40777.6087,2043877,357800,1463,39,126264931,12.57303102,346.4058464,115782416,,
Kazakhstan,73.18,21.73,7.19,2.5,97,273,9812.595808,3546778,-90000,518,2757,18513673,28.88124994,6.85767789,10652767,,4.3
Kenya,66.699,28.298,5.393,24.8,92,83.41,1912.647867,1084357,-50000,438899,7705,52573967,39.19337426,92.37440173,14461521,46.5,
Kyrgyz Republic,71.6,26.9,5.2,7.2,95,,1374.032105,204382,-20000,347,2963,6456200,32.50169502,33.66110532,2362388,9.699999809,22.4
Cambodia,69.823,22.02,5.992,6.2,92,113.3,1643.121389,73963,-149999,,11986,16486542,31.09919594,93.39758668,3924621,45.09999847,
Kiribati,68.369,27.453,6.28,4.1,97,172.3,1601.861869,3153,-3999,,,117608,35.83830757,145.1950617,64490,,
St. Kitts and Nevis,,,,,96,,22046.68991,7443,,5,57,52834,,203.2076923,16272,,
"Korea, Rep.",83.22682927,5.9,5.7,2.5,98,,31936.79635,1327324,58657,3196,180,51709098,12.74644361,530.2409557,42106719,,
Latin America & Caribbean (excluding high income),75.59132639,16.25496464,6.307839923,6.944054135,80.93261573,,8226.236324,6335941,604241,185216,344704,589503742,24.27804714,32.3710405,473037212,19.92652523,
Lao PDR,67.923,23.117,6.371,5.3,68,,2635.800015,22244,-73518,,6757,7169456,32.30299932,31.06350087,2555553,21.10000038,18.3
Lebanon,78.93,17.377,4.457,9.3,83,663.1,7578.172368,1997776,-150060,1392174,5647,6855709,25.57221984,670.1572825,6084990,61.09999847,
Liberia,64.104,32.687,7.381,38.9,74,52.56,672.3404992,113779,-25000,8225,5365,4937374,40.75291845,51.26011213,2548426,70.30000305,
Libya,72.913,18.3,5.101,,73,,7685.948132,771146,-9997,4730,16033,6777453,28.06827699,3.851832297,5448598,,
St. Lucia,76.203,11.839,7.263,,92,,11591.08048,12771,0,,843,182795,18.21106187,299.6639344,34281,11.19999981,
Latin America & Caribbean,75.60149504,16.11564496,6.38157924,7.722481003,80.60463083,,8705.117098,8946249,-2606469,257918,439724,646430786,24.19874734,32.25867199,522741449,20.75693371,
Least developed countries: UN classification,65.34542124,31.08081352,7.171154196,21.03785319,78.06509899,,1071.583498,11940491,-4861511,6605694,10765040,1033388868,39.12857127,50.7234679,352399560,58.88420211,
Low income,63.72774921,34.43548689,7.642796414,28.65502739,73.84519716,,692.1752812,9366348,-3777274,5864000,16153531,647870823,42.03269278,43.32548859,213843158,66.76810586,
Liechtenstein,83.04146341,9.2,6.8,,,,175813.8756,23493,,125,,38020,,237.625,5464,,
Sri Lanka,76.978,15.544,6.75,6.8,99,160.7,3852.265603,38706,-489932,1041,110341,21803000,23.95646203,352.4343722,4052088,,
Lower middle income,69.08849167,21.53725093,7.149804197,12.30479674,84.23460718,,2354.578725,29803187,-11284995,7576992,2673783,3285416867,29.91963825,128.3378747,1378166280,35.80107357,
Lesotho,54.331,26.415,13.926,23.5,87,124.2,1113.37214,6572,-50234,143,6,2125267,32.46691711,70.00220685,607508,53.59999847,
Low & middle income,71.22161604,19.36310119,7.276476029,10.40998822,84.83717341,,4999.985276,84287737,-12901585,22578220,19900949,6444060654,27.36383298,68.46578215,3267394046,31.16275471,
Late-demographic dividend,76.43618802,11.64731163,7.452800389,3.609638791,95.04158398,,9945.172444,46599687,-379189,2109831,1008728,2308520883,18.9337294,51.80870377,1460836157,22.0709942,
Luxembourg,82.44634146,10,6.9,2.5,99,6221,113218.7133,249325,48704,2548,5,620001,15.70723484,255.1444444,565584,,17.5
"Macao SAR, China",84.244,10.894,4.018,4.3,,,86197.36569,342703,25000,,,640446,14.01947084,19466.44377,640446,,
Philippines,71.231,20.166,5.92,9.4,65,142.1,3485.340844,211862,-335758,680,552,108116622,30.47588107,362.6006037,50975906,42.90000153,16.7
St. Martin (French part),79.97317073,14.5,4.4,,,,,,,,,38002,,760.04,,,
Morocco,76.68,18.5,5.057,4.2,99,174.2,3235.00066,88511,-257096,6642,4642,36471766,26.96951716,81.72029128,22975024,9.199999809,
Monaco,,,,,99,2906,189487.1471,21042,,22,5,38967,,19223.97632,38967,,
Moldova,71.901,9.93,11.694,,91,,4491.688827,142904,-6935,417,2427,2664974,15.88969107,92.7241551,1138637,59.20000076,
Madagascar,67.041,32.408,5.933,43.2,79,19.85,522.9895243,32075,-7500,113,298,26969306,40.36683998,46.35494328,10210849,61.20000076,
Maldives,78.921,13.584,2.764,,99,854.4,10561.61351,94086,56851,,75,530957,19.90967185,1769.856667,213646,30.10000038,
Middle East & North Africa,74.27058876,22.06837924,4.890649101,10.65035289,90.51736298,,7458.022736,38864804,-1194318,9195527,7282553,456709496,29.85008741,40.69279998,299961065,24.07243931,
Mexico,75.054,17.297,6.082,7.2,82,540.4,9950.45008,1193155,-300000,28517,14621,127575529,26.18511815,65.62696006,102626859,16,41.9
Nicaragua,74.485,20.215,5.075,19.3,98,160.8,1926.699694,40262,-106360,322,4376,6545503,29.854853,54.39174838,3846138,42.20000076,
Marshall Islands,,,,,79,664.3,4073.10983,3284,,,7,58791,,326.6166667,45514,,
Middle income,72.05927376,17.67832342,7.235529065,8.74772787,87.06419121,,5481.373758,74921389,-9124311,16714220,3747418,5796189831,25.72365475,73.2144232,3053550888,28.75195523,
North Macedonia,75.797,10.653,10.139,2.7,92,,6070.388054,130730,-4999,354,1784,2076694,16.39360314,82.34314036,1208802,8.300000191,21.6
Mali,59.306,41.035,9.412,10.4,77,34.28,879.0431873,363145,-200000,26672,164466,19658023,47.304697,16.11062457,8479685,47.20000076,43.8
Malta,82.6,8.6,7.3,2.5,98,2532,30186.19596,41442,4501,8908,5,504062,14.32879475,1575.19375,477236,,17.1
Myanmar,67.134,17.397,8.215,7.6,90,60.02,1271.111575,73308,-816564,,1076825,54045422,25.91440126,82.79143676,16674094,56.09999847,
Middle East & North Africa (excluding high income),73.77758932,23.11706949,5.180201154,11.82404674,89.77107861,,3449.765626,11427673,-3197316,9167508,7278285,389457075,31.08364873,45.0703696,241087171,25.20530372,
Montenegro,76.884,11.671,10.751,2.5,86,735.2,8910.650834,82541,-2400,653,659,622028,18.15021649,46.24743494,417692,27.10000038,24.5
Mongolia,69.87,23.361,6.335,4.3,98,163.4,4404.84583,17620,-4262,,2364,3225166,30.79828114,2.071058369,2210626,38.29999924,28.4
Northern Mariana Islands,,,,,,,20659.64029,21648,,,,57213,,124.376087,52469,,
Mozambique,60.854,37.166,8.208,31.2,88,39.46,506.6416391,222928,-25000,4713,77,30366043,44.36800049,38.61497368,11092108,77.19999695,
Mauritania,64.925,33.262,7.118,9.1,81,57.88,1743.302901,138162,25002,84901,37423,4525698,39.88891432,4.390897448,2466822,73.19999695,
Mauritius,74.23585366,10.2,8.8,6.2,96,686,11097.16898,28585,0,20,178,1265711,17.25970884,623.5029557,515980,,
Malawi,64.263,33.73,6.418,17.3,95,30.4,591.8463896,215158,-80263,14087,514,18628749,43.46868847,197.589616,3199301,65.09999847,
Malaysia,76.156,16.608,5.17,3.2,98,436.6,11432.823,2514243,249999,129107,906,31949789,23.69497915,97.24483032,24475775,,5.6
North America,79.12330258,11.24538203,8.586958094,2.5,93.72384033,,63342.98218,54481730,5984188,443472,369,365987250,18.27157969,20.20570622,301433350,,
Namibia,63.708,28.152,7.894,19.8,87,427.3,5009.685904,93888,-24030,3182,459,2494524,36.90591013,3.029945706,1273255,42.29999924,
New Caledonia,77.63414634,14,5.8,6.9,,,34788.52928,64290,2510,,,271300,22.43395225,14.84135667,192905,,
Niger,62.42,45.637,8.033,,81,31.4,554.0993893,189255,20001,179997,3063,23310719,49.84216915,18.40271493,3850231,58.79999924,40.8
Nigeria,54.687,37.446,11.63,14.6,57,71.47,2229.858652,1199115,-300000,54157,295578,200963603,43.6875302,220.6524183,102806950,53.90000153,40.1
Netherlands,82.01219512,9.7,8.8,2.5,94,5335,52476.27325,1979486,80000,94417,55,17344874,15.88349624,515.1432729,15935776,,13.2
Norway,82.90731707,10.2,7.6,2.5,97,8007,75719.7529,741813,140000,53882,5,5347896,17.41297454,14.64744184,4418218,0.001,12.7
Nepal,70.778,19.578,6.322,4.8,93,53.25,1194.956876,518278,208549,19570,8033,28608715,29.5703756,199.5724799,5765514,49.29999924,
Palau,,11.2,10.8,,97,2356,15232.48708,5664,,,,18001,,39.1326087,14485,,
New Zealand,81.70731707,11.96,6.87,2.5,92,4211,42755.21626,1039736,74403,1709,34,4979300,19.56660408,18.91040978,4312821,,
OECD members,80.20508989,11.0842363,8.553475909,3.192395267,93.24324503,,39552.6618,128976484,16430707,6984345,297455,1364841892,17.90820344,38.43337978,1102880496,,
Oman,77.861,18.513,2.422,8.2,99,624.7,17700.70349,1844978,437000,308,42,4974992,22.41839475,16.07428756,4250782,,
Other small states,68.82187619,22.77096986,7.17594139,15.05414197,85.84326587,,13799.58669,4185638,470312,55189,33126,31361259,29.78460521,15.43155646,19631283,,
Pakistan,67.273,27.841,6.893,12.9,75,39.5,1288.556325,3628956,-1166895,1419596,136902,216565317,35.05437791,280.9325926,79927762,40.09999847,21.9
Peru,76.736,17.756,5.579,8.7,88,370.1,7027.612207,90881,495345,2850,2765,32510462,25.25449584,25.39879844,25390346,33.09999847,20.5
Papua New Guinea,64.501,26.793,7.352,24.6,35,65.08,2820.306397,25782,-3999,9698,475,8776119,35.48596536,19.37932032,1162836,,
Poland,77.85609756,9.9,10.8,2.5,95,1014,15732.20313,619403,-146976,12658,961,37965475,15.18538648,124.0012901,22793332,0.01,15.4
Pre-demographic dividend,61.17597806,36.09353878,8.447750387,23.29798832,72.63421183,,1489.822323,13348827,-2213380,5765872,9984333,944902748,43.47367163,46.61467201,394746859,57.10237189,
Puerto Rico,79.9285122,6.4,9.4,,,,32850.54861,274972,-489932,,,3193694,16.26077927,360.0556933,2988531,,
"Korea, Dem. People's Rep.",72.274,13.848,9.205,42.4,97,,,48458,-27013,,758,25666158,19.99328221,213.1563658,15947411,,
Portugal,80.68292683,8.4,10.9,2.5,99,2221,23330.81729,837257,-30001,2375,25,10286263,13.25208506,112.2885828,6764658,3.599999905,17.2
Paraguay,74.254,20.341,5.539,9.2,86,388.4,5380.963322,156462,-82780,1014,84,7044639,29.17933588,17.73128366,4359152,17.10000038,24.2
West Bank and Gaza,74.053,28.717,3.455,,,,3656.858271,255507,-52816,2319073,96253,4685306,38.64966214,778.2900332,3581448,,
Pacific island small states,70.07973149,25.75056691,6.303145828,9.296311097,91.2603246,,4270.411064,48359,-63416,767,664,2491878,34.8907633,38.81429907,971682,,
Post-demographic dividend,80.79472234,9.577868355,9.51657543,2.50460735,94.1934267,,45819.48008,132210514,13892345,3368753,117688,1112709542,16.02214876,35.49475969,906540165,,
French Polynesia,77.657,14.427,5.742,3.8,,,,30058,-5000,,,279285,22.5638859,79.34232955,172869,,
Qatar,80.227,9.385,1.244,,98,1807,62276.42869,1687640,200000,202,36,2832071,13.5959001,246.4813751,2809075,,
Romania,75.45853659,9.6,13.4,2.5,88,738.6,12899.34611,226943,-369997,3860,1352,19371648,15.57395813,84.19527121,10476962,12.10000038,23.8
Russian Federation,73.08390244,9.8,13.3,2.5,97,653.4,11497.64925,11643276,912279,42413,62353,144406261,18.15492454,8.817695994,107708298,,12.6
Rwanda,69.024,31.249,5.123,35.2,98,51.4,820.1492886,441525,-44998,145054,246407,12626938,39.76603218,511.8337252,2186102,42.09999847,
South Asia,69.64361743,19.16397733,7.023821061,14.46777508,88.21420101,,1959.525845,11377262,-6215366,2562316,3024299,1835776769,28.00686448,384.7980359,632092773,37.65609474,
Saudi Arabia,75.133,17.297,3.505,3.9,96,1316,23139.79798,10185945,674895,315,1721,34268529,24.86598199,15.94114919,28807839,16.20000076,
Sudan,65.311,31.826,7.117,12.3,93,46.93,610.9278615,503477,-250001,1055489,734780,42813237,40.15570605,23.15187997,14957232,88.40000153,
Senegal,67.941,33.952,5.596,7.5,93,59.1,1430.148259,263242,-100001,14467,17208,16296362,42.83986907,84.64323482,7765705,29.5,
Singapore,83.49756098,8.8,5,,96,2633,65640.70795,2543638,135142,,39,5703569,12.33150315,8044.526093,5703569,,
Solomon Islands,72.996,31.956,4.232,16.5,94,111.9,2344.048976,2585,-7998,,34,669821,40.13119884,23.93072526,162164,,
Sierra Leone,54.696,32.879,11.512,26.2,95,46.16,521.7548367,91213,-21000,441,5288,7813207,40.72431131,108.2461485,3319363,59.09999847,56.8
El Salvador,73.317,18.054,7.07,8.5,81,300.1,4167.730939,42045,-202694,48,41816,6453550,26.85844526,311.4647683,4694699,22.39999962,
San Marino,,6.7,7.2,,88,3051,47731.20854,4717,,,,33864,,564.4,32973,,
Somalia,57.397,41.585,10.669,59.5,42,,419.3948077,25291,-200002,17882,901596,15442906,46.37950567,24.61648548,7034861,72.09999847,
Serbia,75.68536585,9.3,14.6,3.9,97,641,7417.203649,807441,20000,26427,31251,6945235,15.54094253,79.41041619,3907389,3.599999905,23.2
Sub-Saharan Africa (excluding high income),61.6263562,34.79179677,8.419989468,20.34107657,73.44943023,,1628.841127,18664039,-1813121,6402985,7290851,1106860245,42.28424024,46.40463649,450617544,53.59901183,
South Sudan,57.846,34.653,10.342,,49,22.64,,824122,-870998,298309,2234805,11062114,41.56805305,17.50533581,2201250,91.40000153,
Sub-Saharan Africa,61.62744251,34.79017476,8.419961247,20.34107657,73.4505824,,1630.127378,18676830,-1814121,6402985,7290866,1106957870,42.28260467,46.40783439,450673306,53.59901183,
Small states,69.77084699,21.68610789,7.207745806,12.86952864,87.24027254,,12594.67689,4583559,319841,58366,39870,41254526,28.96234686,16.49302951,24405056,,
Sao Tome and Principe,70.385,31.152,4.761,11.9,95,108.5,1987.579702,2394,-8401,,28,215048,42.14669667,224.0083333,158271,85.69999695,
Suriname,71.682,18.295,7.393,8.7,77,619.3,6853.693411,46836,-4999,44,17,581363,26.91185678,3.726685897,384252,5.900000095,
Slovak Republic,77.47073171,10.5,9.8,4,97,,19303.54566,177190,7423,965,1343,5454147,15.52774384,113.4389975,2930459,,11.9
Slovenia,81.2804878,9.3,9.9,2.5,95,2219,25942.95477,235966,9999,741,19,2088385,15.10564048,103.7119346,1144894,3.700000048,12
Sweden,82.95853659,11.1,8.6,2.5,98,5671,51939.42974,1639771,200000,253787,13,10278887,17.62549023,25.23602907,9015406,0.001,17.1
Eswatini,60.194,25.881,9.059,11.6,90,264.1,3915.643467,31579,-41764,940,224,1148133,37.83143024,66.7519186,275334,32.09999847,
Sint Maarten (Dutch part),,,,,,,,27295,,5,,40733,,1198.029412,40733,,
Seychelles,73.94390244,16.4,8.1,,99,839.8,16213.48076,12791,-1000,,15,97625,23.73873275,212.2282609,55762,,25.3
Syrian Arab Republic,72.697,23.22,5.112,,54,,1334.370593,875189,-2136954,578525,6615249,17070132,31.05803205,92.95938572,9358017,37.90000153,
Turks and Caicos Islands,,,,,,,31350.86663,11688,,5,14,38194,,40.20421053,35658,,
Chad,54.239,41.665,11.907,31.7,50,29.85,709.5400432,516968,10000,442670,11163,15946882,46.82094474,12.66429638,3712275,86.90000153,42.3
East Asia & Pacific (IDA & IBRD countries),75.44843511,12.73829965,6.937576382,4.064287302,92.42458005,,8235.583677,8291158,-3763991,551474,1642060,2078012370,20.36111218,130.6992034,1174470595,26.39512073,
Europe & Central Asia (IDA & IBRD countries),74.29800572,13.20765732,10.3061931,2.686126013,95.48094425,,9013.795649,29325118,1324001,3723050,344746,460788476,20.61154239,20.04361989,305238750,,
Togo,61.042,32.707,8.324,20.4,84,51.16,893.3524541,276844,-9999,11964,8034,8082359,40.9983537,148.6000919,3414635,54.29999924,
Thailand,77.15,10.168,7.786,8.2,97,296.2,7817.009671,3913258,97222,97556,171,69625581,16.82353621,136.28292,35294600,23.70000076,9.9
Tajikistan,71.097,30.038,4.767,,97,61.87,890.5444024,275059,-99999,3788,1987,9321023,37.07107958,67.15918294,2545478,26,27.4
Turkmenistan,68.191,23.066,7.04,4.1,99,500,7612.03518,196386,-25001,21,478,5942094,30.75829056,12.64463644,3092741,,
Latin America & the Caribbean (IDA & IBRD countries),75.52038777,16.28297865,6.31409156,7.818051664,80.39486856,,8525.421861,8353697,-2050462,257589,432300,630644771,24.39345929,31.66925717,510155980,21.0040717,
Timor-Leste,69.495,29.284,5.943,22.6,83,92.67,1583.713576,10834,-26924,,17,1293120,37.29208217,86.96166779,400182,33.40000153,
Middle East & North Africa (IDA & IBRD countries),73.77423568,23.04888001,5.20120866,11.82404674,89.62504138,,3447.243891,11172166,-3144500,6848435,7182032,384771769,30.99151857,44.55920028,237505723,25.20530372,
Tonga,70.907,24.01,7.102,,99,242.4,4903.012138,5731,-3999,,32,104497,35.07282715,145.1347222,24146,,
South Asia (IDA & IBRD),69.64361743,19.16397733,7.023821061,14.46777508,88.21420101,,1959.525845,11377262,-6215366,2562316,3024299,1835776769,28.00686448,384.7980359,632092773,37.65609474,
Sub-Saharan Africa (IDA & IBRD countries),61.62744251,34.79017476,8.419961247,20.34107657,73.4505824,,1630.127378,18676830,-1814121,6402985,7290866,1106957870,42.28260467,46.40783439,450673306,53.59901183,
Trinidad and Tobago,73.507,12.578,8.5,6.7,93,1168,16637.16294,49883,-3999,2308,307,1394969,20.26118068,271.9237817,741942,5.400000095,
Tunisia,76.699,17.089,6.257,3,92,233.1,3574.654024,56701,-20000,1732,2068,11694721,24.22609727,75.27498069,8099062,8.199999809,
Turkey,77.691,15.782,5.443,2.5,99,396.5,9121.515167,2964916,1419610,3579531,83239,83429607,24.29082287,108.4022283,63097812,8.600000381,14.4
Tuvalu,,,,,92,972.6,4055.89561,141,,,,11655,,388.5,7368,,
Tanzania,65.456,36.336,6.254,25.1,89,,1085.88486,261222,-200381,242171,695,58005461,43.84380657,65.48369948,20011884,40.09999847,
Uganda,63.368,37.377,6.381,,93,32.41,798.5857341,749471,843469,1359458,7301,44269587,46.50001534,220.7739228,10784514,48.29999924,20.3
Ukraine,71.82731707,8.1,14.7,2.5,80,248.1,3661.456204,4834898,50001,2166,59844,44386203,15.93971837,76.60718502,30836427,19,
Upper middle income,75.94693139,12.62841115,7.347711286,4.136490029,92.69104694,,9572.872787,45118202,2160684,9137228,1073635,2510772964,20.22874521,46.87113167,1675384608,22.54707685,
Uruguay,77.911,13.74,9.473,2.5,94,1661,17688.01501,71799,-15000,498,15,3461731,20.45807101,19.77905954,3303391,,
United States,78.78780488,11.4,8.7,2.5,94,,65279.52903,46627102,4774029,341715,298,328329953,18.54931712,35.89317567,270737596,,
Uzbekistan,71.725,24.3,4.6,2.5,96,98.57,1784.009816,1170899,-44314,13,3217,33580350,28.79781331,76.22283256,16935578,52.20000076,
St. Vincent and the Grenadines,72.534,14.087,9.336,5.6,97,,7460.153362,4577,-1000,,979,110593,22.19388908,283.5717949,58187,,
"Venezuela, RB",72.064,17.566,7.118,27.4,64,,,1404448,-3266243,67749,93239,28515829,27.40422521,32.32903917,25162368,44.09999847,
British Virgin Islands,,,,,,,,17308,,,,30033,,200.22,14451,,
Virgin Islands (U.S.),79.66829268,12.3,8.2,,,,38136.66576,56721,-2254,,,106669,19.49358374,304.7685714,102223,,
Vietnam,75.4,16.454,6.38,6.7,89,,2715.27598,72793,-399999,,316441,96462108,23.21382761,311.0978424,35332141,13.80000019,6.7
Vanuatu,70.474,29.175,5.197,9.3,90,104.3,3116.297759,3187,600,,,299882,38.71055949,24.60065628,76152,,
World,72.74713164,17.88751537,7.524270109,8.9,85.69095664,,11397.086,243192681,0,26044504,26044504,7683372259,25.63911068,59.12593051,4280190216,29.2361353,
Samoa,73.321,24.1,5.202,4.6,58,271.9,4322.868457,4929,-14013,,,197093,37.86409737,69.64416961,35587,,
Kosovo,72.49512195,15.6,6.9,,,,4416.108358,,,,,1788878,,,,,
"Yemen, Rep.",66.125,29.873,5.983,45.4,73,,,344131,-150000,268503,36522,29161922,39.22337492,55.23405118,10869523,66.19999695,
South Africa,64.131,20.129,9.398,6.5,77,546.7,6624.761865,3142511,727026,78395,441,58558267,28.96832505,48.27198889,39149715,25.60000038,
Zambia,63.886,35.776,6.321,,88,69.32,1305.001031,127915,-40000,57518,259,17861034,44.4625086,24.02646525,7871715,54.59999847,
Zimbabwe,61.49,29.747,7.773,,90,103,1316.740657,398866,-584288,8956,10045,14645473,42.15812701,37.85827323,4717307,33.5,
